{
  "model": "gradient_boosting",
  "mae": 1876.9713396839802,
  "rmse": 2551.5472137483234,
  "r2": 0.8988875868308102
}