model,mae,rmse,r2
gradient_boosting,1876.9713396839802,2551.5472137483234,0.8988875868308102
random_forest,1940.1477003398836,2762.5188494034646,0.8814756021354867
linear_regression,2091.9656454473625,2786.0617451433113,0.8794468030723933
lasso,2092.910779612284,2787.3157945215753,0.8793382529398863
decision_tree,2548.9612071277793,3588.294895380622,0.8000260098979366
