MAE,RMSE,R2
3250.315118397086,4516.753863110889,0.6045636413111186
