MAE,RMSE,R2
3265.027024831462,4212.058769234427,0.656115506335161
