MAE,RMSE,R2
2524.4667522865097,3405.5778377394795,0.7751953082390375
