MAE,RMSE,R2
3263.8105915141223,4210.135291602185,0.656429511024144
