MAE,RMSE,R2
3264.93513933152,4211.91670799333,0.6561387025139453
