MAE,RMSE,R2
2647.240675990044,3543.9626093423194,0.7565543541340966
